,location,population,GDP,energy_consumption,GSP
0,aus,22077774.263157893,1504208.8421052631,5716.42105263158,
1,nsw,7550661.578947368,,1549.8105263157893,501798.2631578947
2,nt,226086.42105263157,,86.52105263157895,20649.473684210527
3,qld,4360977.47368421,,1301.5894736842104,283087.8947368421
4,sa,1622711.3684210526,,343.70526315789476,94168.05263157895
5,tas,503003.3157894737,,108.26315789473686,26897.263157894737
6,vic,5531857.263157895,,1394.0368421052633,351963.36842105264
7,wa,2279374.6842105263,,932.5052631578947,197663.68421052632
